,author,episode_number,episode_title,quote,quote_order,season
543,Phoebe,3.0,The Thumb,(entering) Hi guys!,0.0,1.0
544,All,3.0,The Thumb,"Hey, Pheebs! Hi!",1.0,1.0
545,Ross,3.0,The Thumb,"Hey. Oh, oh, how'd it go?",2.0,1.0
546,Phoebe,3.0,The Thumb,"Um, not so good. He walked me to the subway and said 'We should do this again!'",3.0,1.0
547,All,3.0,The Thumb,Ohh. Ouch.,4.0,1.0
548,Rachel,3.0,The Thumb,"What? He said 'we should do it again', that's good, right?",5.0,1.0
549,Monica,3.0,The Thumb,"Uh, no. Loosely translated 'We should do this again' means 'You will never see me naked'.",6.0,1.0
550,Rachel,3.0,The Thumb,Since when?,7.0,1.0
551,Joey,3.0,The Thumb,"Since always. It's like dating language. Y'know, like 'It's not you' means 'It is you'.",8.0,1.0
552,Chandler,3.0,The Thumb,Or 'You're such a nice guy' means 'I'm gonna be dating leather-wearing alcoholics and complaining about them to you'.,9.0,1.0
553,Phoebe,3.0,The Thumb,"Or, or, y'know, um, 'I think we should see other people' means 'Ha, ha, I already am'.",10.0,1.0
554,Rachel,3.0,The Thumb,And everybody knows this?,11.0,1.0
555,Joey,3.0,The Thumb,Yeah. Cushions the blow.,12.0,1.0
556,Chandler,3.0,The Thumb,"Yeah, it's like when you're a kid, and your parents put your dog to sleep, and they tell you it went off to live on some farm.",13.0,1.0
557,Ross,3.0,The Thumb,"That's funny, that, no, because, uh, our parents actually did, uh, send our dog off to live on a farm.",14.0,1.0
558,Monica,3.0,The Thumb,"Uh, Ross.",15.0,1.0
559,Ross,3.0,The Thumb,"What? Wh- hello? The Millners' farm in Connecticut? The Millners, they had this unbelievable farm, they had horses, and, and rabbits that he could chase and it was- it w- .....Oh my God, Chi Chi!",16.0,1.0
560,Chandler,3.0,The Thumb,"""So how does it feel knowing you're about to die?""",18.0,1.0
561,Joey,3.0,The Thumb,"""Warden, in five minutes my pain will be over. But you'll have to live with the knowledge that you sent an honest man to die.""",19.0,1.0
562,Chandler,3.0,The Thumb,"Hey, that was really good!",20.0,1.0
563,Joey,3.0,The Thumb,Thanks! Let's keep going.,21.0,1.0
564,Chandler,3.0,The Thumb,"Okay. ""So. Whaddya want from me, Damone, huh?""",22.0,1.0
565,Joey,3.0,The Thumb,"""I just wanna go back to my cell. 'Cause in my cell, I can smoke.""",23.0,1.0
566,Chandler,3.0,The Thumb,"""Smoke away.""",24.0,1.0
567,Chandler,3.0,The Thumb,I think this is probably why Damone smokes in his cell alone.,25.0,1.0
568,Joey,3.0,The Thumb,What?,26.0,1.0
569,Chandler,3.0,The Thumb,Relax your hand!,27.0,1.0
570,Chandler,3.0,The Thumb,Not so much!,28.0,1.0
571,Joey,3.0,The Thumb,Whoah!,29.0,1.0
572,Chandler,3.0,The Thumb,Hey!,30.0,1.0
573,Joey,3.0,The Thumb,Hey!,31.0,1.0
574,Chandler,3.0,The Thumb,"Alright, now try taking a puff.",32.0,1.0
575,Chandler,3.0,The Thumb,Alright.. okay. No. Give it to me.,33.0,1.0
576,Joey,3.0,The Thumb,"No no no, I am not giving you a cigarette.",34.0,1.0
577,Chandler,3.0,The Thumb,"It's fine, it's fine. Look, do you wanna get this part, or not? Here.",35.0,1.0
578,Chandler,3.0,The Thumb,"Don't think of it as a cigarette. Think of it as the thing that's been missing from your hand. When you're holding it, you feel right. You feel complete.",36.0,1.0
579,Joey,3.0,The Thumb,Y'miss it?,37.0,1.0
580,Chandler,3.0,The Thumb,"Nah, not so much. Alright, now we smoke. (Takes a puff.) Oh.. my.. God. (He continues to smoke.)",38.0,1.0
581,Monica,3.0,The Thumb,"No, no, no. They say it's the same as the distance from the tip of a guy's thumb to the tip of his index finger.",39.0,1.0
582,Joey,3.0,The Thumb,That's ridiculous!,40.0,1.0
583,Ross,3.0,The Thumb,Can I use.. either thumb?,41.0,1.0
584,Rachel,3.0,The Thumb,"(carrying a tray of drinks) Alright, don't tell me, don't tell me! (Starts handing them out.) Decaf cappucino for Joey.. Coffee black.. Late.. And an iced tea. I'm getting pretty good at this!",42.0,1.0
585,All,3.0,The Thumb,"Yeah. Yeah, excellent.",43.0,1.0
586,Rachel,3.0,The Thumb,(leaving to serve others) Good for me!,44.0,1.0
587,Joey,3.0,The Thumb,"Y'okay, Phoebe?",45.0,1.0
588,Phoebe,3.0,The Thumb,"Yeah- no- I'm just- it's, I haven't worked- It's my bank.",46.0,1.0
589,Monica,3.0,The Thumb,What did they do to you?,47.0,1.0
590,Phoebe,3.0,The Thumb,"It's nothing, it's just- Okay. I'm going through my mail, and I open up their monthly, you know, STATEMENT-",48.0,1.0
591,Ross,3.0,The Thumb,Easy.,49.0,1.0
592,Phoebe,3.0,The Thumb,- and there's five hundred extra dollars in my account.,50.0,1.0
593,Chandler,3.0,The Thumb,"Oh, Satan's minions at work again...",51.0,1.0
594,Phoebe,3.0,The Thumb,"Yes, 'cause now I have to go down there, and deal with them.",52.0,1.0
595,Joey,3.0,The Thumb,What are you talking about? Keep it!,53.0,1.0
596,Phoebe,3.0,The Thumb,"It's not mine, I didn't earn it, if I kept it, it would be like stealing.",54.0,1.0
597,Rachel,3.0,The Thumb,"Yeah, but if you spent it, it would be like shopping!",55.0,1.0
598,Phoebe,3.0,The Thumb,"Okay. Okay, let's say I bought a really great pair of shoes. Do you know what I'd hear, with every step I took? 'Not-mine. Not-mine. Not-mine.' And even if I was happy, okay, and, and skipping- 'Not-not-mine, not-not-mine, not-not-mine, not-not-mine'...",56.0,1.0
599,Monica,3.0,The Thumb,We're with you. We got it.,57.0,1.0
600,Phoebe,3.0,The Thumb,Okay. I'd- just- I'd never be able to enjoy it. It would be like this giant karmic debt.,58.0,1.0
601,Rachel,3.0,The Thumb,"Chandler, what are you doing?",59.0,1.0
602,Monica,3.0,The Thumb,(puling him up) Hey. Whaddya doing?,60.0,1.0
603,All,3.0,The Thumb,"Oh! Oh, God!",61.0,1.0
604,Ross,3.0,The Thumb,What is this?!,62.0,1.0
605,Chandler,3.0,The Thumb,"I'm smoking. I'm smoking, I'm smoking.",63.0,1.0
606,Phoebe,3.0,The Thumb,"Oh, I can't believe you! You've been so good, for three years!",64.0,1.0
607,Chandler,3.0,The Thumb,And this- is my reward!,65.0,1.0
608,Ross,3.0,The Thumb,"Hold on a second, alright? Just think about what you went through the last time you quit.",66.0,1.0
609,Chandler,3.0,The Thumb,"Okay, so this time I won't quit!",67.0,1.0
610,All,3.0,The Thumb,Ohhh! Put it out!,68.0,1.0
611,Chandler,3.0,The Thumb,"All right! I'm putting it out, I'm putting it out. (He drops it in Phoebe's coffee.)",69.0,1.0
612,Phoebe,3.0,The Thumb,"Oh, no! I- I can't drink this now!",70.0,1.0
613,Monica,3.0,The Thumb,"Alright. I'm gonna go change, I've got a date.",71.0,1.0
614,Rachel,3.0,The Thumb,This Alan again? How's it goin'?,72.0,1.0
615,Monica,3.0,The Thumb,"'S'going pretty good, y'know? It's nice, and, we're having fun.",73.0,1.0
616,Joey,3.0,The Thumb,So when do we get to meet the guy?,74.0,1.0
617,Monica,3.0,The Thumb,"Let's see, today's Monday... Never.",75.0,1.0
618,All,3.0,The Thumb,"Oh, come on! Come on!",76.0,1.0
619,Monica,3.0,The Thumb,No. Not after what happened with Steve.,77.0,1.0
620,Chandler,3.0,The Thumb,What are you talking about? We love Schhteve! Schhteve was schhexy!.. Sorry.,78.0,1.0
621,Monica,3.0,The Thumb,"Look, I don't even know how I feel about him yet. Just give me a chance to figure that out.",79.0,1.0
622,Rachel,3.0,The Thumb,"Well, then can we meet him?",80.0,1.0
623,Monica,3.0,The Thumb,Nope. Schhorry.,81.0,1.0
624,Monica,3.0,The Thumb,"I mean, why should I let them meet him? I mean, I bring a guy home, and within five minutes they're all over him. I mean, they're like- coyotes, picking off the weak members of the herd.",82.0,1.0
625,Paula,3.0,The Thumb,"Listen. As someone who's seen more than her fair share of bad beef, I'll tell you: that is not such a terrible thing. I mean, they're your friends, they're just looking out after you.",83.0,1.0
626,Monica,3.0,The Thumb,"I know. I just wish that once, I'd bring a guy home that they actually liked.",84.0,1.0
627,Paula,3.0,The Thumb,"Well, you do realise the odds of that happening are a little slimmer if they never get to meet the guy..",85.0,1.0
628,Joey,3.0,The Thumb,"Let it go, Ross.",86.0,1.0
629,Ross,3.0,The Thumb,"Yeah, well, you didn't know Chi Chi.",87.0,1.0
630,Monica,3.0,The Thumb,Do you all promise?,88.0,1.0
631,All,3.0,The Thumb,Yeah! We promise! We'll be good!,89.0,1.0
632,Monica,3.0,The Thumb,(shouts to Chandler) Chandler? Do you promise to be good?,90.0,1.0
633,Joey,3.0,The Thumb,"You can come in, but your filter-tipped little buddy has to stay outside!",91.0,1.0
634,Ross,3.0,The Thumb,"Hey, Pheebs.",92.0,1.0
635,Phoebe,3.0,The Thumb,"'Dear Ms. Buffay. Thank you for calling attention to our error. We have credited your account with five hundred dollars. We're sorry for the inconvenience, and hope you'll accept this- (Searches in her purse) -football phone as our free gift.' Do you believe this?! Now I have a thousand dollars, and a football phone!",93.0,1.0
636,Rachel,3.0,The Thumb,What bank is this?,94.0,1.0
637,Monica,3.0,The Thumb,Hey. It's him. (On the intercom) Who is it?,95.0,1.0
638,Alan,3.0,The Thumb,(on the intercom) It's Alan.,96.0,1.0
639,Joey,3.0,The Thumb,(shouting to Chandler) Chandler! He's here!,97.0,1.0
640,Monica,3.0,The Thumb,"(to all) Okay, please be good, please. Just remember how much you all like me.",98.0,1.0
641,Monica,3.0,The Thumb,"Hi. Alan, this is everybody. Everybody, this is Alan.",99.0,1.0
642,Alan,3.0,The Thumb,Hi.,100.0,1.0
643,All,3.0,The Thumb,"Hi, Alan.",101.0,1.0
644,Alan,3.0,The Thumb,I've heard schho much about all you guyschh!,102.0,1.0
645,Monica,3.0,The Thumb,"(to Alan) Thanks. I'll call you tomorrow. (Alan exits, to all) Okay. Okay, let's let the Alan-bashing begin. Who's gonna take the first shot, hmm?",103.0,1.0
646,Monica,3.0,The Thumb,C'mon!,104.0,1.0
647,Ross,3.0,The Thumb,"...I'll go. Let's start with the way he kept picking at- no, I'm sorry, I can't do this, can't do this. We loved him.",105.0,1.0
648,All,3.0,The Thumb,Loved him! Yeah! He's great!,106.0,1.0
649,Monica,3.0,The Thumb,Wait a minute! We're talking about someone that I'm going out with?,107.0,1.0
650,All,3.0,The Thumb,Yeah!,108.0,1.0
651,Rachel,3.0,The Thumb,And did you notice...? (She spreads her thumb and index finger.),109.0,1.0
652,The Guys,3.0,The Thumb,(reluctantly) Yeah.,110.0,1.0
653,Joey,3.0,The Thumb,Know what was great? The way his smile was kinda crooked.,111.0,1.0
654,Phoebe,3.0,The Thumb,"Yes, yes! Like the man in the shoe!",112.0,1.0
655,Ross,3.0,The Thumb,...What shoe?,113.0,1.0
656,Phoebe,3.0,The Thumb,"From the nursery rhyme. 'There was a crooked man, Who had a crooked smile, Who lived in a shoe, For a... while...'",114.0,1.0
657,Ross,3.0,The Thumb,...So I think Alan will become the yardstick against which all future boyfriends will be measured.,115.0,1.0
658,Rachel,3.0,The Thumb,"What future boyfriends? Nono, I th- I think this could be, y'know, it.",116.0,1.0
659,Monica,3.0,The Thumb,Really!,117.0,1.0
660,Chandler,3.0,The Thumb,"Oh, yeah. I'd marry him just for his David Hasselhof impression alone. You know I'm gonna be doing that at parties, right? (Does the impression)",118.0,1.0
661,Ross,3.0,The Thumb,"You know what I like most about him, though?",119.0,1.0
662,All,3.0,The Thumb,What?,120.0,1.0
663,Ross,3.0,The Thumb,The way he makes me feel about myself.,121.0,1.0
664,All,3.0,The Thumb,Yeah...,122.0,1.0
665,Monica,3.0,The Thumb,Hi.. how was the game?,124.0,1.0
666,Ross,3.0,The Thumb,Well..,125.0,1.0
667,All,3.0,The Thumb,WE WON!! Thank you! Yes!,126.0,1.0
668,Monica,3.0,The Thumb,Fantastic! I have one question: How is that possible?,127.0,1.0
669,Joey,3.0,The Thumb,Alan.,128.0,1.0
670,Ross,3.0,The Thumb,"He was unbelievable. He was like that-that-that Bugs Bunny cartoon where Bugs is playing all the positions, right, but instead of Bugs it was first base-Alan, second base-Alan, third base-...",129.0,1.0
671,Rachel,3.0,The Thumb,"I mean, it-it was like, it was like he made us into a team.",130.0,1.0
672,Chandler,3.0,The Thumb,"Yep, we sure showed those Hassidic jewellers a thing or two about softball..",131.0,1.0
673,Monica,3.0,The Thumb,Can I ask you guys a question? D'you ever think that Alan is maybe.. sometimes..,132.0,1.0
674,Ross,3.0,The Thumb,What?,133.0,1.0
675,Monica,3.0,The Thumb,"..I dunno, a little too Alan?",134.0,1.0
676,Rachel,3.0,The Thumb,"Well, no. That's impossible. You can never be too Alan.",135.0,1.0
677,Ross,3.0,The Thumb,"Yeah, it's his, uh, innate Alan-ness that-that-that we adore.",136.0,1.0
678,Chandler,3.0,The Thumb,I personally could have a gallon of Alan.,137.0,1.0
679,Phoebe,3.0,The Thumb,"Hey, Lizzie.",138.0,1.0
680,Lizzie,3.0,The Thumb,"Hey, Weird Girl.",139.0,1.0
681,Phoebe,3.0,The Thumb,I brought you alphabet soup.,140.0,1.0
682,Lizzie,3.0,The Thumb,Did you pick out the vowels?,141.0,1.0
683,Phoebe,3.0,The Thumb,"Yes. But I left in the Ys. 'Cause, y'know, ""sometimes y"". Uh, I also have something else for you. (She searches in her purse.)",142.0,1.0
684,Lizzie,3.0,The Thumb,Saltines?,143.0,1.0
685,Phoebe,3.0,The Thumb,"No, but would you like a thousand dollars and a football phone?",144.0,1.0
686,Lizzie,3.0,The Thumb,"What? (She opens the envelope Phoebe has given her.) Oh my God, there's really money in here.",145.0,1.0
687,Phoebe,3.0,The Thumb,I know.,146.0,1.0
688,Lizzie,3.0,The Thumb,"Weird Girl, what are you doing?",147.0,1.0
689,Phoebe,3.0,The Thumb,"No, I want you to have it. I don't want it.",148.0,1.0
690,Lizzie,3.0,The Thumb,"No, no, I ha-I have to give you something.",149.0,1.0
691,Phoebe,3.0,The Thumb,"Oh, that's fine, no.",150.0,1.0
692,Lizzie,3.0,The Thumb,Would you like my tin-foil hat?,151.0,1.0
693,Phoebe,3.0,The Thumb,"No. 'Cause you need that. No, it's okay, thanks.",152.0,1.0
694,Lizzie,3.0,The Thumb,"Please, let me do something.",153.0,1.0
695,Phoebe,3.0,The Thumb,"Okay, alright, you buy me a soda, and then we're even. Okay?",154.0,1.0
696,Lizzie,3.0,The Thumb,Okay.,155.0,1.0
697,Phoebe,3.0,The Thumb,Okay.,156.0,1.0
698,Lizzie,3.0,The Thumb,Keep the change. (To Phoebe) Sure you don't wanna pretzel?,157.0,1.0
699,Phoebe,3.0,The Thumb,"No, I'm fine.",158.0,1.0
700,Lizzie,3.0,The Thumb,(leaves) See ya.,159.0,1.0
701,Phoebe,3.0,The Thumb,Huh!,160.0,1.0
702,Ross,3.0,The Thumb,A thumb?!,161.0,1.0
703,All,3.0,The Thumb,Eww!,162.0,1.0
704,Phoebe,3.0,The Thumb,"I know! I know, I opened it up and there it was, just floating in there, like this tiny little hitch-hiker!",163.0,1.0
705,Chandler,3.0,The Thumb,"Well, maybe it's a contest, y'know? Like, collect all five?",164.0,1.0
706,Phoebe,3.0,The Thumb,"Does, um, anyone wanna see?",165.0,1.0
707,All,3.0,The Thumb,Nooo!,166.0,1.0
708,All,3.0,The Thumb,"Oh, hey, don't do that! Cut it out!",167.0,1.0
709,Rachel,3.0,The Thumb,It's worse than the thumb!,168.0,1.0
710,Chandler,3.0,The Thumb,"Hey, this is so unfair!",169.0,1.0
711,Monica,3.0,The Thumb,"Oh, why is it unfair?",170.0,1.0
712,Chandler,3.0,The Thumb,"So I have a flaw! Big deal! Like Joey's constant knuckle-cracking isn't annoying? And Ross, with his over-pronouncing every single word? And Monica, with that snort when she laughs? I mean, what the hell is that thing? ...I accept all those flaws, why can't you accept me for this?",171.0,1.0
713,Joey,3.0,The Thumb,...Does the knuckle-cracking bother everybody?,172.0,1.0
714,Rachel,3.0,The Thumb,"Well, I-I could live without it.",173.0,1.0
715,Joey,3.0,The Thumb,"Well, is it, like, a little annoying, or is it like when Phoebe chews her hair?",174.0,1.0
716,Ross,3.0,The Thumb,"Oh, now, don't listen to him, Pheebs, I think it's endearing.",175.0,1.0
717,Joey,3.0,The Thumb,"Oh, (Imitating Ross) ""you do, do you""?",176.0,1.0
718,Ross,3.0,The Thumb,"You know, there's nothing wrong with speaking correctly.",177.0,1.0
719,Rachel,3.0,The Thumb,"""Indeed there isn't""... I should really get back to work.",178.0,1.0
720,Phoebe,3.0,The Thumb,"Yeah, 'cause otherwise someone might get what they actually ordered.",179.0,1.0
721,Rachel,3.0,The Thumb,"Ohh-ho-hooohhh. The hair comes out, and the gloves come on.",180.0,1.0
722,Monica,3.0,The Thumb,Did you ever go out with a guy your friends all really like?,181.0,1.0
723,Paula,3.0,The Thumb,No.,182.0,1.0
724,Monica,3.0,The Thumb,"Okay.. Well, I'm going out with a guy my friends all really like.",183.0,1.0
725,Paula,3.0,The Thumb,"Waitwait.. we talking about the coyotes here? All right, a cow got through!",184.0,1.0
726,Monica,3.0,The Thumb,"Can you believe it? ...Y'know what? I just don't feel the thing. I mean, they feel the thing, I don't feel the thing.",185.0,1.0
727,Paula,3.0,The Thumb,"Honey.. you should always feel the thing. Listen, if that's how you feel about the guy, Monica, dump him!",186.0,1.0
728,Monica,3.0,The Thumb,I know.. it's gonna be really hard.,187.0,1.0
729,Paula,3.0,The Thumb,"Well, he's a big boy, he'll get over it.",188.0,1.0
730,Monica,3.0,The Thumb,"No, he'll be fine. It's the other five I'm worried about.",189.0,1.0
731,Joey,3.0,The Thumb,Do you have any respect for your body?,190.0,1.0
732,Ross,3.0,The Thumb,Don't you realise what you're-you're doing to yourself?,191.0,1.0
733,Chandler,3.0,The Thumb,"Hey, y'know, I have had it with you guys and your cancer and your emphysema and your heart disease. The bottom line is, smoking is cool, and you know it.",192.0,1.0
734,Rachel,3.0,The Thumb,"(holding the phone out to Chandler) Chandler? It's Alan, he wants to speak to you.",193.0,1.0
735,Chandler,3.0,The Thumb,"Really? He does? (taking the phone) Hey, buddy, what's up! Oh, she told you about that, huh. Well, yeah, I have one now and then. Well, yeah, now. Well, it's not that big- ..well, that's true,.. Gee, y'know, no-one- no-one's ever put it like that before. Well, okay, thanks! (He hands the phone back and stubs out his cigarette.)",194.0,1.0
736,Rachel,3.0,The Thumb,"(to Ross, who has wandered up) God, he's good.",195.0,1.0
737,Ross,3.0,The Thumb,If only he were a woman.,196.0,1.0
738,Rachel,3.0,The Thumb,Yeah.,197.0,1.0
739,Chandler,3.0,The Thumb,"Ooh, Lambchop. How old is that sock? If I had a sock on my hand for thirty years it'd be talking too.",198.0,1.0
740,Ross,3.0,The Thumb,Okay. I think it's time to change somebody's nicotine patch. (Does so.),199.0,1.0
741,Monica,3.0,The Thumb,(entering) Hey. Where's Joey?,200.0,1.0
742,Chandler,3.0,The Thumb,"Joey ate my last stick of gum, so I killed him. Do you think that was wrong?",201.0,1.0
743,Rachel,3.0,The Thumb,I think he's across the hall.,202.0,1.0
744,Monica,3.0,The Thumb,Thanks. (Goes to fetch him.),203.0,1.0
745,Ross,3.0,The Thumb,(finishing changing Chandler's nicotine patch) There y'go.,204.0,1.0
746,Chandler,3.0,The Thumb,"(deadpan) Ooh, I'm alive with pleasure now.",205.0,1.0
747,Ross,3.0,The Thumb,"Hey Pheebs, you gonna have the rest of that Pop-Tart?.. Pheebs?",206.0,1.0
748,Phoebe,3.0,The Thumb,Does anyone want the rest of this Pop-Tart?,207.0,1.0
749,Ross,3.0,The Thumb,"Hey, I might!",208.0,1.0
750,Phoebe,3.0,The Thumb,"Sorry. ..Y'know, those stupid soda people gave me seven thousand dollars for the thumb.",209.0,1.0
751,All,3.0,The Thumb,You're kidding. Oh my God.,210.0,1.0
752,Phoebe,3.0,The Thumb,"And on my way over here, I stepped in gum. ...What is up with the universe?!",211.0,1.0
753,Joey,3.0,The Thumb,"(dragged in by Monica, he has just gotten out of the shower) What's going on?",212.0,1.0
754,Monica,3.0,The Thumb,Nothing. I just think it's nice when we're all here together.,213.0,1.0
755,Joey,3.0,The Thumb,Even nicer when everyone gets to wear their underwear..,214.0,1.0
756,Rachel,3.0,The Thumb,"Uh, Joey..",215.0,1.0
757,Joey,3.0,The Thumb,"Oh, God! (Hurriedly closes his legs.)",216.0,1.0
758,Monica,3.0,The Thumb,(turns off the TV) Okay..,217.0,1.0
759,All,3.0,The Thumb,Oh! That was Lambchop!,218.0,1.0
760,Monica,3.0,The Thumb,"Please, guys, we have to talk.",219.0,1.0
761,Phoebe,3.0,The Thumb,"Wait, wait, I'm getting a deja vu...no, I'm not.",220.0,1.0
762,Monica,3.0,The Thumb,"Alright, we have to talk.",221.0,1.0
763,Phoebe,3.0,The Thumb,There it is!,222.0,1.0
764,Monica,3.0,The Thumb,"Okay. It's-it's about Alan. There's something that you should know. I mean, there's really no easy way to say this.. uh.. I've decided to break up with Alan.",223.0,1.0
765,Ross,3.0,The Thumb,Is there somebody else?,224.0,1.0
766,Monica,3.0,The Thumb,"No, nononono.. it's just.. things change. People change.",225.0,1.0
767,Rachel,3.0,The Thumb,We didn't change..,226.0,1.0
768,Joey,3.0,The Thumb,So that's it? It's over? Just like that?,227.0,1.0
769,Phoebe,3.0,The Thumb,"You know.. you let your guard down, you start to really care about someone, and I just- I- (starts chewing her hair)",228.0,1.0
770,Monica,3.0,The Thumb,"Look, I- I could go on pretending-",229.0,1.0
771,Joey,3.0,The Thumb,Okay!,230.0,1.0
772,Monica,3.0,The Thumb,"-but that wouldn't be fair to me, it wouldn't be fair to Alan- It wouldn't be fair to you!",231.0,1.0
773,Ross,3.0,The Thumb,"Who-who wants fair? Y'know, I just want things back. Y'know, the way they were.",232.0,1.0
774,Monica,3.0,The Thumb,I'm sorry..,233.0,1.0
775,Chandler,3.0,The Thumb,"(sarcastic) Oh, she's sorry! I feel better!",234.0,1.0
776,Rachel,3.0,The Thumb,"(tearful) I just can't believe this! I mean, with the holidays coming up- I wanted him to meet my family-",235.0,1.0
777,Monica,3.0,The Thumb,I'll meet somone else. There'll be other Alans.,236.0,1.0
778,All,3.0,The Thumb,"Oh, yeah! Right!",237.0,1.0
779,Monica,3.0,The Thumb,Are you guys gonna be okay?,238.0,1.0
780,Ross,3.0,The Thumb,"Hey hey, we'll be fine. We're just gonna need a little time.",239.0,1.0
781,Monica,3.0,The Thumb,(dubious) I understand.,240.0,1.0
782,Alan,3.0,The Thumb,Wow.,241.0,1.0
783,Monica,3.0,The Thumb,"I'm, I'm really sorry.",242.0,1.0
784,Alan,3.0,The Thumb,"Yeah, I'm sorry too. But, I gotta tell you, I am a little relieved.",243.0,1.0
785,Monica,3.0,The Thumb,Relieved?,244.0,1.0
786,Alan,3.0,The Thumb,"Yeah, well, I had a great time with you.. I just can't stand your friends.",245.0,1.0
787,Rachel,3.0,The Thumb,Remember when we went to Central Park and rented boats?.. That was fun.,247.0,1.0
788,Ross,3.0,The Thumb,Yeah. He could row like a viking.,248.0,1.0
789,Monica,3.0,The Thumb,(entering) Hi.,249.0,1.0
790,All,3.0,The Thumb,Mmm.,250.0,1.0
791,Ross,3.0,The Thumb,So how'd it go?,251.0,1.0
792,Monica,3.0,The Thumb,"Oh, y'know..",252.0,1.0
793,Phoebe,3.0,The Thumb,Did he mention us?,253.0,1.0
794,Monica,3.0,The Thumb,He said he's really gonna miss you guys. (dubious look),254.0,1.0
795,Ross,3.0,The Thumb,"You had a rough day, huh.. c'mere. (She sits down and Ross strokes her forehead.)",255.0,1.0
796,Chandler,3.0,The Thumb,...That's it. I'm getting cigarettes.,256.0,1.0
797,All,3.0,The Thumb,No no no!,257.0,1.0
798,Chandler,3.0,The Thumb,"(leaving) I don't care, I don't care! Game's over! I'm weak! I've gotta smoke! I've gotta have the smoke!",258.0,1.0
799,Phoebe,3.0,The Thumb,(shouting as he leaves) If you never smoke again I'll give you seven thousand dollars!,259.0,1.0
800,Chandler,3.0,The Thumb,"(returns) Yeah, alright.",260.0,1.0
1506,Rachel,7.0,The Blackout,"Everybody? Shh, shhh. Uhhh... Central Perk is proud to present the music of Miss Phoebe Buffay.",0.0,1.0
1507,Phoebe,7.0,The Blackout,"Hi. Um, I want to start with a song thats about that moment when you suddenly realize what life is all about. OK, here we go. (plays a chord, then the lights go out) OK, thank you very much.",1.0,1.0
1508,Chandler,7.0,The Blackout,"Oh, great. This is just...",2.0,1.0
1509,Rachel,7.0,The Blackout,"Wow, this is so cool, you guys. The entire city is blacked out!",3.0,1.0
1510,Monica,7.0,The Blackout,"Mom says it's all of Manhattan, parts of Brooklyn and Queens, and they have no idea when it's coming back on.",4.0,1.0
1511,Rachel,7.0,The Blackout,"Wow, you guys, this is big.",5.0,1.0
1512,Monica,7.0,The Blackout,"(into phone) Pants and a sweater? Why, mom? Who am I gonna meet in a blackout? Power company guys? Eligible looters? Could we talk about this later? OK. (hangs up)",6.0,1.0
1513,Phoebe,7.0,The Blackout,Can I borrow the phone? I want to call my apartment and check on my grandma. (to Monica) What's my number?,7.0,1.0
1514,Phoebe,7.0,The Blackout,"Well, I never call me.",8.0,1.0
1515,Chandler,7.0,The Blackout,"Oh my God, it's that Victoria's Secret model. Something... something Goodacre.",9.0,1.0
1516,Chandler,7.0,The Blackout,"She's right, it's Jill. Jill Goodacre. Oh my God. I am trapped in an ATM vestibule with Jill Goodacre! (pause) Is it a vestibule? Maybe it's an atrium. Oh, yeah, that is the part to focus on, you idiot!",10.0,1.0
1517,Jill,7.0,The Blackout,"(on phone) Yeah, I'm fine. I'm just stuck at the bank, in an ATM vestibule.",11.0,1.0
1518,Chandler,7.0,The Blackout,Jill says vestibule... I'm going with vestibule.,12.0,1.0
1519,Jill,7.0,The Blackout,"(on phone) I'm fine. No, I'm not alone... I don't know, some guy.",13.0,1.0
1520,Chandler,7.0,The Blackout,"Oh! Some guy. Some guy. 'Hey Jill, I saw you with some guy last night. Yes, he was some guy.",14.0,1.0
1521,Joey,7.0,The Blackout,Hi everyone.,15.0,1.0
1522,Ross,7.0,The Blackout,"And officiating at tonight's blackout, is Rabbi Tribbiani.",16.0,1.0
1523,Joey,7.0,The Blackout,"Well, Chandler's old roomate was Jewish, and these are the only candles we have, so... Happy Chanukah, everyone.",17.0,1.0
1524,Phoebe,7.0,The Blackout,"(at window) Eww, look. Ugly Naked Guy lit a bunch of candles.",18.0,1.0
1525,Rachel,7.0,The Blackout,That had to hurt!,19.0,1.0
1526,Chandler,7.0,The Blackout,"Alright, alright, alright. It's been fourteen and a half minutes and you still have not said one word. Oh God, do something. Just make contact, smile!",20.0,1.0
1527,Chandler,7.0,The Blackout,There you go!,21.0,1.0
1528,Chandler,7.0,The Blackout,You're definitely scaring here.,22.0,1.0
1529,Jill,7.0,The Blackout,(awkwardly) Would you like to call somebody? (offering phone),23.0,1.0
1530,Chandler,7.0,The Blackout,"Yeah, about 300 guys I went to high school with. Yeah, thanks. (takes phone)",24.0,1.0
1531,Monica,7.0,The Blackout,Hello?,25.0,1.0
1532,Chandler,7.0,The Blackout,"Hey, it's me.",26.0,1.0
1533,Monica,7.0,The Blackout,(to everyone) It's Chandler! (on phone) Are you OK?,27.0,1.0
1534,Chandler,7.0,The Blackout,"Yeah, I'm fine. (trying to cover up what he is saying) I'm trppd in an ATM vstbl wth Jll Gdcr.",28.0,1.0
1535,Monica,7.0,The Blackout,What?,29.0,1.0
1536,Chandler,7.0,The Blackout,I'm trppd... in an ATM vstbl... wth Jll Gdcr!,30.0,1.0
1537,Monica,7.0,The Blackout,I have no idea what you just said.,31.0,1.0
1538,Chandler,7.0,The Blackout,(angry) Put Joey on the phone.,32.0,1.0
1539,Joey,7.0,The Blackout,What's up man?,33.0,1.0
1540,Chandler,7.0,The Blackout,I'm trppd... in an ATM vstbl... wth JLL GDCR.,34.0,1.0
1541,Joey,7.0,The Blackout,"(to everyone) Oh my God! He's trapped in an ATM vestibule with Jill Goodacre! (on phone) Chandler, listen. (says something intentionally garbled)",35.0,1.0
1542,Chandler,7.0,The Blackout,"Yeah, like that thought never entered my mind.",36.0,1.0
1543,Rachel,7.0,The Blackout,"Alright, somebody.",37.0,1.0
1544,Monica,7.0,The Blackout,"OK, I'll go. OK, senior year of college... on a pool table.",38.0,1.0
1545,All,7.0,The Blackout,Whoooaa!,39.0,1.0
1546,Ross,7.0,The Blackout,That's my sister.,40.0,1.0
1547,Joey,7.0,The Blackout,OK... my weirdest place would have to be... the women's room on the second floor of the New York CIty public library.,41.0,1.0
1548,Monica,7.0,The Blackout,Oh my God! What were you doing in a library?,42.0,1.0
1549,Ross,7.0,The Blackout,"Pheebs, what about you?",43.0,1.0
1550,Phoebe,7.0,The Blackout,Oh... Milwaukee.,44.0,1.0
1551,Rachel,7.0,The Blackout,Um... Ross?,45.0,1.0
1552,Ross,7.0,The Blackout,"Disneyland, 1989, 'It's a Small World After All.'",46.0,1.0
1553,All,7.0,The Blackout,No way!,47.0,1.0
1554,Ross,7.0,The Blackout,"The ride broke down. So, Carol and I went behind a couple of those mechanical Dutch children... then they fixed the ride, and we were asked never to return to the Magic Kingdom.",48.0,1.0
1555,Phoebe,7.0,The Blackout,"Oh, Rachel.",49.0,1.0
1556,Rachel,7.0,The Blackout,"Oh come on, I already went.",50.0,1.0
1557,Monica,7.0,The Blackout,You did not go!,51.0,1.0
1558,All,7.0,The Blackout,Come on.,52.0,1.0
1559,Rachel,7.0,The Blackout,"Oh, alright. The weirdest place would have to be... (sigh)... oh, the foot of the bed.",53.0,1.0
1560,Ross,7.0,The Blackout,Step back.,54.0,1.0
1561,Joey,7.0,The Blackout,We have a winner!,55.0,1.0
1562,Rachel,7.0,The Blackout,"I just never had a relationship with that kind of passion, you know, where you have to have somebody right there, in the middle of a theme park.",56.0,1.0
1563,Ross,7.0,The Blackout,"Well, it was the only thing to do there that didn't have a line.",57.0,1.0
1564,Rachel,7.0,The Blackout,"There, well, see? Barry wouldn't even kiss me on a miniature golf course.",58.0,1.0
1565,Ross,7.0,The Blackout,Come on.,59.0,1.0
1566,Rachel,7.0,The Blackout,"No, he said we were holding up the people behind us.",60.0,1.0
1567,Ross,7.0,The Blackout,(sarcastically) And you didn't marry him because...?,61.0,1.0
1568,Rachel,7.0,The Blackout,"I mean, do you think there are people who go through life never having that kind of...",62.0,1.0
1569,Ross,7.0,The Blackout,"Probably. But you know, I'll tell you something. Passion is way overrated.",63.0,1.0
1570,Rachel,7.0,The Blackout,Yeah right.,64.0,1.0
1571,Ross,7.0,The Blackout,"It is. Eventually, it kind of... burns out. But hopefully, what you're left with is trust, and security, and... well, in the case of my ex-wife, lesbianism. So, you know, for all of those people who miss out on that passion... thing, there's all that other good stuff.",65.0,1.0
1572,Rachel,7.0,The Blackout,(sigh) OK.,66.0,1.0
1573,Ross,7.0,The Blackout,"But, um... I don't think that's going to be you.",67.0,1.0
1574,Rachel,7.0,The Blackout,You don't.,68.0,1.0
1575,Ross,7.0,The Blackout,"Uh-uh. See, I see.... big passion in your future.",69.0,1.0
1576,Rachel,7.0,The Blackout,Really?,70.0,1.0
1577,Ross,7.0,The Blackout,Mmmm.,71.0,1.0
1578,Rachel,7.0,The Blackout,You do?,72.0,1.0
1579,Ross,7.0,The Blackout,I do.,73.0,1.0
1580,Rachel,7.0,The Blackout,"Oh Ross, you're so great. (she playfully rubs his head and gets up)",74.0,1.0
1581,Joey,7.0,The Blackout,It's never gonna happen.,75.0,1.0
1582,Ross,7.0,The Blackout,(innocently) What?,76.0,1.0
1583,Joey,7.0,The Blackout,You and Rachel.,77.0,1.0
1584,Ross,7.0,The Blackout,(acts surprised) What? (pause) Why not?,78.0,1.0
1585,Joey,7.0,The Blackout,"Because you waited too long to make your move, and now you're in the friend zone.",79.0,1.0
1586,Ross,7.0,The Blackout,"No, no, no. I'm not in the zone.",80.0,1.0
1587,Joey,7.0,The Blackout,"Ross, you're mayor of the zone.",81.0,1.0
1588,Ross,7.0,The Blackout,"I'm taking my time, alright? I'm laying the groundwork. Yeah. I mean, every day I get just a little bit closer to...",82.0,1.0
1589,Joey,7.0,The Blackout,"Priesthood! Look Ross, I'm telling you, she has no idea what you're thinking. If you don't ask her out soon you're going to end up stuck in the zone forever.",83.0,1.0
1590,Ross,7.0,The Blackout,"I will, I will. See, I'm waiting for the right moment. (Joey looks at him) What? What, now?",84.0,1.0
1591,Joey,7.0,The Blackout,"Yeeeeaaaahhh! What's messing you up? The wine? The candles? The moonlight? You've just got to go up to her and say, 'Rachel, I think that...' (Rachel comes into the room behind them)",85.0,1.0
1592,Ross,7.0,The Blackout,Shhhh!,86.0,1.0
1593,Rachel,7.0,The Blackout,What are you shushing?,87.0,1.0
1594,Ross,7.0,The Blackout,We're shushing... because... we're trying to hear something. Listen. (everyone is silent) Don't you hear that?,88.0,1.0
1595,Rachel,7.0,The Blackout,Ahhhh!,89.0,1.0
1596,Ross,7.0,The Blackout,See?,90.0,1.0
1597,Rachel,7.0,The Blackout,"Huh. (she agrees, but looks very confused)",91.0,1.0
1598,Jill,7.0,The Blackout,Would you like some gum?,92.0,1.0
1599,Chandler,7.0,The Blackout,"Um, is it sugarless?",93.0,1.0
1600,Jill,7.0,The Blackout,"(checks) Sorry, it's not.",94.0,1.0
1601,Chandler,7.0,The Blackout,"Oh, then no thanks. What the hell was that? Mental note: If Jill Goodacre offers you gum, you take it. If she offers you mangled animal carcass, you take it.",95.0,1.0
1602,Phoebe,7.0,The Blackout,"(singing) New York City has no power, and the milk is getting sour. But to me it is not scary, 'cause I stay away from dairy.... la la la, la la, la la... (she writes the lyrics down)",96.0,1.0
1603,Ross,7.0,The Blackout,"(to Joey) OK, here goes.",97.0,1.0
1604,Joey,7.0,The Blackout,Are you going to do it?,98.0,1.0
1605,Ross,7.0,The Blackout,I'm going to do it.,99.0,1.0
1606,Joey,7.0,The Blackout,Do you want any help?,100.0,1.0
1607,Ross,7.0,The Blackout,"You come out there, you're a dead man.",101.0,1.0
1608,Joey,7.0,The Blackout,"Good luck, man.",102.0,1.0
1609,Ross,7.0,The Blackout,Thanks. (Joey hugs him) OK.,103.0,1.0
1610,Joey,7.0,The Blackout,OK. (Ross goes out on the balcony to talk to Rachel),104.0,1.0
1611,Joey,7.0,The Blackout,"Hey, where are you going?",105.0,1.0
1612,Monica,7.0,The Blackout,Outside.,106.0,1.0
1613,Joey,7.0,The Blackout,You can't go out there.,107.0,1.0
1614,Monica,7.0,The Blackout,Why not?,108.0,1.0
1615,Joey,7.0,The Blackout,Because of... the reason.,109.0,1.0
1616,Monica,7.0,The Blackout,And that would be?,110.0,1.0
1617,Joey,7.0,The Blackout,"I, um, can't tell you.",111.0,1.0
1618,Monica,7.0,The Blackout,"Joey, what's going on?",112.0,1.0
1619,Joey,7.0,The Blackout,"OK, you've got to promise that you'll never, ever tell Ross that I told you.",113.0,1.0
1620,Monica,7.0,The Blackout,About what?,114.0,1.0
1621,Joey,7.0,The Blackout,He's planning your birthday party.,115.0,1.0
1622,Monica,7.0,The Blackout,Oh my God! I love him!,116.0,1.0
1623,Joey,7.0,The Blackout,(as Phoebe enters) You'd better act surprised.,117.0,1.0
1624,Phoebe,7.0,The Blackout,About what?,118.0,1.0
1625,Monica,7.0,The Blackout,My surprise party!,119.0,1.0
1626,Phoebe,7.0,The Blackout,What surprise party?,120.0,1.0
1627,Monica,7.0,The Blackout,Oh stop it. Joey already told me.,121.0,1.0
1628,Phoebe,7.0,The Blackout,"Well, he didn't tell me.",122.0,1.0
1629,Joey,7.0,The Blackout,"Hey, don't look at me. This is Ross's thing.",123.0,1.0
1630,Phoebe,7.0,The Blackout,This is so typical. I'm always the last one to know everything.,124.0,1.0
1631,Monica,7.0,The Blackout,"No, you are not. We tell you stuff.",125.0,1.0
1632,Phoebe,7.0,The Blackout,Yuh-huh! I was the last one to know when Chandler got bitten by the peacock at the zoo. I was the last one to know when you had a crush on Joey when he was moving in. (Monica gestures at Phoebe to shut up; Joey looks surprised but pleased) Looks like I was second to last.,126.0,1.0
1633,Rachel,7.0,The Blackout,Hmmm... this is so nice.,127.0,1.0
1634,Ross,7.0,The Blackout,"OK, I have a question. Well, actually, it's not so much a question as.. more of a general wondering... ment.",128.0,1.0
1635,Rachel,7.0,The Blackout,OK.,129.0,1.0
1636,Ross,7.0,The Blackout,"OK. Here goes. For a while now, I've been wanting to, um....",130.0,1.0
1637,Rachel,7.0,The Blackout,Ohhh!!!! (looking at something behind Ross),131.0,1.0
1638,Ross,7.0,The Blackout,"Yes, yes, that's right...",132.0,1.0
1639,Rachel,7.0,The Blackout,"Oh, look at the little cat! (a small kitten is on the roof behind Ross)",133.0,1.0
1640,Ross,7.0,The Blackout,What? (the cat jumps on his shoulders) Ow!,134.0,1.0
1641,"Monica, Joey, and Phoebe",7.0,The Blackout,"(singing) I'm on top of the world, looking down on creation and the only explanation I can find, is the wonders I've found ever since...",135.0,1.0
1642,Monica,7.0,The Blackout,(to Ross) This is just Bactine. It won't hurt.,136.0,1.0
1643,Joey,7.0,The Blackout,"Sorry, that was wax.",137.0,1.0
1644,Phoebe,7.0,The Blackout,"Oh, poor little Tooty is scared to death. We should find his owner.",138.0,1.0
1645,Ross,7.0,The Blackout,Why don't we just put 'poor little Tooty' out in the hall?,139.0,1.0
1646,Rachel,7.0,The Blackout,During a blackout? He'd get trampled!,140.0,1.0
1647,Ross,7.0,The Blackout,(nonchalantly) Yeah?,141.0,1.0
1648,Chandler,7.0,The Blackout,"You know, on second thought, gum would be perfection. (Jill gives him a stick of gum, and a strange look) 'Gum would be perfection'? 'Gum would be perfection.' Could have said 'gum would be nice,' or 'I'll have a stick,' but no, no, no, no. For me, gum is perfection. I loathe myself.",142.0,1.0
1649,Phoebe,7.0,The Blackout,"(stops at a door) Oh no, the Mendels, they hate all living things, right?",143.0,1.0
1650,Rachel,7.0,The Blackout,"Oh. (they knock at the next door, Mr. Heckles answers) Hi. We just found this cat and we're looking for the owner.",144.0,1.0
1651,Mr. Heckles,7.0,The Blackout,"Er, yeah, it's mine.",145.0,1.0
1652,Phoebe,7.0,The Blackout,(trying to hold back the struggling cat) He seems to hate you. Are you sure?,146.0,1.0
1653,Mr. Heckles,7.0,The Blackout,"Yeah, it's my cat. Give me my cat.",147.0,1.0
1654,Phoebe,7.0,The Blackout,Wait a minute. What's his name?,148.0,1.0
1655,Mr. Heckles,7.0,The Blackout,Ehhhh... B-Buttons.,149.0,1.0
1656,Rachel,7.0,The Blackout,Bob Buttons?,150.0,1.0
1657,Mr. Heckles,7.0,The Blackout,"Mmm. Bob Buttons. Here, Bob Buttons.",151.0,1.0
1658,Phoebe,7.0,The Blackout,(the cat runs away from her) Oooh! You are a very bad man!,152.0,1.0
1659,Mr. Heckles,7.0,The Blackout,(as Phoebe and Rachel leave) You owe me a cat.,153.0,1.0
1660,Rachel,7.0,The Blackout,"Here, kitty-kitty. Here kitty-kitty. Where did you go, little kitty-kitty-kitty? Here kitty-kitty-kitty-kitty...",154.0,1.0
1661,Paolo,7.0,The Blackout,(something Italian),155.0,1.0
1662,Rachel,7.0,The Blackout,"Wow. (she exhales in amazement, blowing the candle out)",156.0,1.0
1663,Ross,7.0,The Blackout,(rolling) Lucky sixes....,157.0,1.0
1664,Rachel,7.0,The Blackout,"(entering with Paolo, arm in arm) Everybody, this is Paolo. Paolo, I want you to meet my friends. This is Monica.",158.0,1.0
1665,Monica,7.0,The Blackout,(smitten) Hi!,159.0,1.0
1666,Rachel,7.0,The Blackout,And Joey....,160.0,1.0
1667,Monica,7.0,The Blackout,Hi!,161.0,1.0
1668,Rachel,7.0,The Blackout,And Ross.,162.0,1.0
1669,Monica,7.0,The Blackout,Hi!,163.0,1.0
1670,Paolo,7.0,The Blackout,(something in Italian),164.0,1.0
1671,Rachel,7.0,The Blackout,(proudly) He doesn't speak much English.,165.0,1.0
1672,Paolo,7.0,The Blackout,(pointing at game) Monopoly!,166.0,1.0
1673,Rachel,7.0,The Blackout,Look at that!,167.0,1.0
1674,Ross,7.0,The Blackout,"(jealous) So, um... where did Paolo come from?",168.0,1.0
1675,Rachel,7.0,The Blackout,"Oh... Italy, I think.",169.0,1.0
1676,Ross,7.0,The Blackout,"No, I mean tonight, in the building. Suddenly. Into our lives.",170.0,1.0
1677,Rachel,7.0,The Blackout,"Well, the cat... the cat turned out to be Paolo's cat!",171.0,1.0
1678,Ross,7.0,The Blackout,"That, that is funny... (to Joey).... and Rachel keeps touching him.",172.0,1.0
1679,Phoebe,7.0,The Blackout,Alright. I looked all over the building and I couldn't find the kitty anywhere.,173.0,1.0
1680,Rachel,7.0,The Blackout,"Oh, I found him. He was Paolo's cat.",174.0,1.0
1681,Phoebe,7.0,The Blackout,Ah! Well! There you go! Last to know again! And I'm guessing... since nobody told me... this is Paolo.,175.0,1.0
1682,Rachel,7.0,The Blackout,"Ah, Paolo, this is Phoebe.",176.0,1.0
1683,Paolo,7.0,The Blackout,"(something in Italian, he is apparently attracted to Phoebe)",177.0,1.0
1684,Phoebe,7.0,The Blackout,(smiling) You betcha!,178.0,1.0
1685,Chandler,7.0,The Blackout,"(chewing gum) Ah, let's see. What next? Blow a bubble. A bubble's good. It's got a... boyish charm, it's impish. Here we go.",179.0,1.0
1686,Chandler,7.0,The Blackout,"Nice going, imp. OK, it's OK. All I need to do is reach over and put it in my mouth. (Chandler slyly grabs the gum from the wall and slides it back in his mouth.)",180.0,1.0
1687,Chandler,7.0,The Blackout,"Good save! We're back on track, and I'm... (grimacing) ..chewing someone else's gum. This is not my gum. Oh my God! Oh my God! And now you're choking.",181.0,1.0
1688,Jill,7.0,The Blackout,Are you alright?,182.0,1.0
1689,Jill,7.0,The Blackout,"My God, you're choking! (she runs over and gives him the Heimlich, the gum flies from his mouth) That better?",183.0,1.0
1690,Chandler,7.0,The Blackout,(gasping) Yes... thank you. That was... that was....,184.0,1.0
1691,Jill,7.0,The Blackout,Perfection?,185.0,1.0
1692,Paolo,7.0,The Blackout,(something romantic in Italian about Rachel and the stars),186.0,1.0
1693,Ross,7.0,The Blackout,"(mocking Paolo) Blah blah blah, blah blah blah... blah blaaaaaah....",187.0,1.0
1694,Ross,7.0,The Blackout,Wha-What did he say that was so funny?,188.0,1.0
1695,Rachel,7.0,The Blackout,I have absolutely no idea.,189.0,1.0
1696,Ross,7.0,The Blackout,That's... that's classic.,190.0,1.0
1697,Rachel,7.0,The Blackout,"(to Monica and Phoebe) Oh my God, you guys, what am I doing? What am I doing? This is so un-me!",191.0,1.0
1698,Monica,7.0,The Blackout,"If you want, I'll do it.",192.0,1.0
1699,Phoebe,7.0,The Blackout,"I know, I just want to bite his bottom lip. (Rachel looks at her) But I won't.",193.0,1.0
1700,Rachel,7.0,The Blackout,"God, the first time he smiled at me... those three seconds were more exciting than three weeks in Bermuda with Barry.",194.0,1.0
1701,Phoebe,7.0,The Blackout,"You know, did you ride mopeds? 'Cause I've heard... (they stare at her)... oh, I see... it's not about that right now. OK.",195.0,1.0
1702,Rachel,7.0,The Blackout,"Y'know, I know it's totally superficial and we have absolutely nothing in common, and we don't even speak the same language but Goooooooddddddd....",196.0,1.0
1703,Ross,7.0,The Blackout,Paolo. Hi.,197.0,1.0
1704,Paolo,7.0,The Blackout,Ross!,198.0,1.0
1705,Ross,7.0,The Blackout,"Listen. Um, listen. Something you should... know... um, Rachel and I... we're kind of a thing.",199.0,1.0
1706,Paolo,7.0,The Blackout,Thing?,200.0,1.0
1707,Ross,7.0,The Blackout,"Thing, yes. Thing.",201.0,1.0
1708,Paolo,7.0,The Blackout,"Ah, you... have the sex?",202.0,1.0
1709,Ross,7.0,The Blackout,"No, no, no. Technically the... sex is not... being had, but that's... see, that's not the point. See, um, the point is that... Rachel and I should be, er, together. You know, and if you get in the.... um...",203.0,1.0
1710,Paolo,7.0,The Blackout,Bed?,204.0,1.0
1711,Ross,7.0,The Blackout,"No, no, that's not where I was going. Er, if you get in the... way, of us becoming a thing, then I would be, well, very sad.",205.0,1.0
1712,Paolo,7.0,The Blackout,Oh!,206.0,1.0
1713,Ross,7.0,The Blackout,Yeah! Se vice?,207.0,1.0
1714,Paolo,7.0,The Blackout,Si.,208.0,1.0
1715,Ross,7.0,The Blackout,So you do know a little English.,209.0,1.0
1716,Paolo,7.0,The Blackout,Poco... a leetle.,210.0,1.0
1717,Ross,7.0,The Blackout,Do you know the word crapweasel?,211.0,1.0
1718,Paolo,7.0,The Blackout,No.,212.0,1.0
1719,Ross,7.0,The Blackout,"That's funny, because you know, you are a huge crapweasel!",213.0,1.0
1720,Jill,7.0,The Blackout,"Chandler, we've been here for an hour doing this! Now watch, it's easy.",214.0,1.0
1721,Chandler,7.0,The Blackout,OK.,215.0,1.0
1722,Jill,7.0,The Blackout,Ready? (she swings the pen around her head in a circle),216.0,1.0
1723,Jill,7.0,The Blackout,"No, you've got to whip it.",217.0,1.0
1724,Phoebe,7.0,The Blackout,"Oh, look look look. The last candle's about to burn out. 10, 9, 8, 7... (time lapse)... negative 46, negative 47, negative 48.... (someone blows it out, the room gets completely dark)",218.0,1.0
1725,Ross,7.0,The Blackout,Thank you.,219.0,1.0
1726,Phoebe,7.0,The Blackout,Thanks.,220.0,1.0
1727,Ross,7.0,The Blackout,Kinda... spooky without any lights.,221.0,1.0
1728,Joey,7.0,The Blackout,(does a maniacal laugh) Bwah-hah-hah!,222.0,1.0
1729,Ross,7.0,The Blackout,"OK, guys, guys? I have the definitive one. Mwwwooooo-hah-hah...",223.0,1.0
1730,Ross,7.0,The Blackout,Oh.. oh... oh.,224.0,1.0
1731,Joey,7.0,The Blackout,"Hey Ross. This probably isn't the best time to bring it up, but you have to throw a party for Monica.",225.0,1.0
1732,Jill,7.0,The Blackout,"Well, this has been fun.",226.0,1.0
1733,Chandler,7.0,The Blackout,"Yes. Yes, thanks for letting me use your phone... and for saving my life.",227.0,1.0
1734,Jill,7.0,The Blackout,"Well, goodbye Chandler. I had a great blackout. (she kisses him on the cheek) See ya.",228.0,1.0
1735,Chandler,7.0,The Blackout,"Hi, um, I'm account number 7143457. And, uh, I don't know if you got any of that, but I would really like a copy of the tape.",229.0,1.0
300,Monica,2.0,The Sonogram At The End,"What you guys don't understand is, for us, kissing is as important as any part of it.",0.0,1.0
301,Joey,2.0,The Sonogram At The End,"Yeah, right!.......Y'serious?",1.0,1.0
302,Phoebe,2.0,The Sonogram At The End,"Oh, yeah!",2.0,1.0
303,Rachel,2.0,The Sonogram At The End,Everything you need to know is in that first kiss.,3.0,1.0
304,Monica,2.0,The Sonogram At The End,Absolutely.,4.0,1.0
305,Chandler,2.0,The Sonogram At The End,"Yeah, I think for us, kissing is pretty much like an opening act, y'know? I mean it's like the stand-up comedian you have to sit through before Pink Floyd comes out.",5.0,1.0
306,Ross,2.0,The Sonogram At The End,"Yeah, and-and it's not that we don't like the comedian, it's that-that... that's not why we bought the ticket.",6.0,1.0
307,Chandler,2.0,The Sonogram At The End,"The problem is, though, after the concert's over, no matter how great the show was, you girls are always looking for the comedian again, y'know? I mean, we're in the car, we're fighting traffic... basically just trying to stay awake.",7.0,1.0
308,Rachel,2.0,The Sonogram At The End,"Yeah, well, word of advice: Bring back the comedian. Otherwise next time you're gonna find yourself sitting at home, listening to that album alone.",8.0,1.0
309,Joey,2.0,The Sonogram At The End,(pause)....Are we still talking about sex?,9.0,1.0
310,Ross,2.0,The Sonogram At The End,"No, it's good, it is good, it's just that- mm- doesn't she seem a little angry?",11.0,1.0
311,Marsha,2.0,The Sonogram At The End,"Well, she has issues.",12.0,1.0
312,Ross,2.0,The Sonogram At The End,Does she.,13.0,1.0
313,Marsha,2.0,The Sonogram At The End,"He's out banging other women over the head with a club, while she sits at home trying to get the mastodon smell out of the carpet!",14.0,1.0
314,Ross,2.0,The Sonogram At The End,"Marsha, these are cave people. Okay? They have issues like 'Gee, that glacier's getting kinda close.' See?",15.0,1.0
315,Marsha,2.0,The Sonogram At The End,"Speaking of issues, isn't that your ex-wife?",16.0,1.0
316,Ross,2.0,The Sonogram At The End,(trying to ignore her) No. No.,17.0,1.0
317,Marsha,2.0,The Sonogram At The End,"Yes, it is. Carol! Hi!",18.0,1.0
318,Ross,2.0,The Sonogram At The End,"Okay, okay, yes, it is. (waves) How about I'll, uh, catch up with you in the Ice Age.",19.0,1.0
319,Ross,2.0,The Sonogram At The End,Hi.,20.0,1.0
320,Carol,2.0,The Sonogram At The End,So.,21.0,1.0
321,Ross,2.0,The Sonogram At The End,"You look great. I, uh... I hate that.",22.0,1.0
322,Carol,2.0,The Sonogram At The End,Sorry. You look good too.,23.0,1.0
323,Ross,2.0,The Sonogram At The End,"Ah, well, in here, anyone who... stands erect... So what's new? Still, uh...",24.0,1.0
324,Carol,2.0,The Sonogram At The End,A lesbian?,25.0,1.0
325,Ross,2.0,The Sonogram At The End,"Well... you never know. How's, um.. how's the family?",26.0,1.0
326,Carol,2.0,The Sonogram At The End,"Marty's still totally paranoid. Oh, and, uh-",27.0,1.0
327,Ross,2.0,The Sonogram At The End,"Why- why are you here, Carol?",28.0,1.0
328,Carol,2.0,The Sonogram At The End,I'm pregnant.,29.0,1.0
329,Ross,2.0,The Sonogram At The End,Pregnant?!,30.0,1.0
330,Chandler,2.0,The Sonogram At The End,"Oh, I think this is the episode of Three's Company where there's some kind of misunderstanding.",31.0,1.0
331,Phoebe,2.0,The Sonogram At The End,...Then I've already seen this one! (Turns off the TV.),32.0,1.0
332,Monica,2.0,The Sonogram At The End,(taking a drink from Joey) Are you through with that?,33.0,1.0
333,Joey,2.0,The Sonogram At The End,"Yeah, sorry, the swallowing slowed me down.",34.0,1.0
334,Monica,2.0,The Sonogram At The End,Whose little ball of paper is this?!,35.0,1.0
335,Chandler,2.0,The Sonogram At The End,"Oh, uh, that would be mine. See, I wrote a note to myself, and then I realised I didn't need it, so I balled it up and... (sees that Monica is glaring at him) ...now I wish I was dead.",36.0,1.0
336,Phoebe,2.0,The Sonogram At The End,"She's already fluffed that pillow... Monica, you know, you've already fluffed that- (Monica glares at her.) -but, it's fine!",37.0,1.0
337,Monica,2.0,The Sonogram At The End,"Look , I'm sorry, guys, I just don't wanna give them any more ammunition than they already have.",38.0,1.0
338,Chandler,2.0,The Sonogram At The End,"Yes, and we all know how cruel a parent can be about the flatness of a child's pillow.",39.0,1.0
339,Phoebe,2.0,The Sonogram At The End,"Monica- Hi! Um, Monica, you're scaring me. I mean, you're like, you're like all chaotic and twirly. And not-not in a good way.",40.0,1.0
340,Joey,2.0,The Sonogram At The End,"Yeah, calm down. You don't see Ross getting all chaotic and twirly every time they come.",41.0,1.0
341,Monica,2.0,The Sonogram At The End,"That's because as far as my parents are concerned, Ross can do no wrong. Y'see, he's the Prince. Apparently they had some big ceremony before I was born.",42.0,1.0
342,Chandler,2.0,The Sonogram At The End,"(looking out the window) Ew, ew, ew, ew ew ew ew ew!",43.0,1.0
343,Monica,2.0,The Sonogram At The End,What?,44.0,1.0
344,Chandler,2.0,The Sonogram At The End,Ugly Naked Guy got a Thighmaster!,45.0,1.0
345,All,2.0,The Sonogram At The End,Eeaagh!,46.0,1.0
346,Rachel,2.0,The Sonogram At The End,Has anybody seen my engagement ring?,47.0,1.0
347,Phoebe,2.0,The Sonogram At The End,"Yeah, it's beautiful.",48.0,1.0
348,Rachel,2.0,The Sonogram At The End,"Oh God, oh God, oh God oh God oh God oh God.... (Starts to look under the couch cushions.)",49.0,1.0
349,Phoebe,2.0,The Sonogram At The End,"No, look, don't touch that!",50.0,1.0
350,Rachel,2.0,The Sonogram At The End,"Oh, like I wasn't dreading tomorrow enough, having to give it back to him... 'Hi Barry! Remember me? I'm the girl in the veil who stomped on your heart in front of your entire family!' Oh God and now I'm gonna have to return the ring, without the ring, which makes it so much harder...",51.0,1.0
351,Monica,2.0,The Sonogram At The End,"Easy Rach, we'll find it. (To all) Won't we!",52.0,1.0
352,Chandler and Joey,2.0,The Sonogram At The End,Oh! Yeah!,53.0,1.0
353,Joey,2.0,The Sonogram At The End,"Alright, when'd'ya have it on last?",54.0,1.0
354,Phoebe,2.0,The Sonogram At The End,Doy! Probably right before she lost it!,55.0,1.0
355,Chandler,2.0,The Sonogram At The End,You don't get a lot of 'doy' these days...,56.0,1.0
356,Rachel,2.0,The Sonogram At The End,"I know I had it this morning, and I know I had it when I was in the kitchen with...",57.0,1.0
357,Chandler,2.0,The Sonogram At The End,...Dinah?,58.0,1.0
358,Rachel,2.0,The Sonogram At The End,"(looks at the lasagne and realizes something) Ohhhhh, don't be mad...",59.0,1.0
359,Monica,2.0,The Sonogram At The End,You didn't.,60.0,1.0
360,Rachel,2.0,The Sonogram At The End,"Oh, I am sorry...",61.0,1.0
361,Monica,2.0,The Sonogram At The End,I gave you one job! (Starts to examin the lasagne through the bottom of the glass pan.),62.0,1.0
362,Rachel,2.0,The Sonogram At The End,"Oh, but look how straight those noodles are!",63.0,1.0
363,Chandler,2.0,The Sonogram At The End,"Now, Monica, you know that's not how you look for an engagement ring in a lasagne...",64.0,1.0
364,Monica,2.0,The Sonogram At The End,(puts down the lasagne) I just... can't do it.,65.0,1.0
365,Chandler,2.0,The Sonogram At The End,Boys? We're going in.,66.0,1.0
366,Ross,2.0,The Sonogram At The End,(standing outside the door).....Hi.,67.0,1.0
367,Monica,2.0,The Sonogram At The End,Wow. That is not a happy hi.,68.0,1.0
368,Ross,2.0,The Sonogram At The End,Carol's pregnant.,69.0,1.0
369,Phoebe,2.0,The Sonogram At The End,(while everyone else is stunned) Ooh! I found it!,70.0,1.0
370,Monica,2.0,The Sonogram At The End,W-w-wh-... wha-... w-w-w-...,71.0,1.0
371,Ross,2.0,The Sonogram At The End,"Yeah. Do that for another two hours, you might be where I am right about now. (He enters.)",72.0,1.0
372,Chandler,2.0,The Sonogram At The End,"Kinda puts that whole pillow thing in perspective, huh, Mon?",73.0,1.0
373,Rachel,2.0,The Sonogram At The End,"Well now, how-how do you fit into this whole thing?",74.0,1.0
374,Ross,2.0,The Sonogram At The End,"Well, Carol says she and Susan want me to be involved, but if I'm not comfortable with it, I don't have to be involved.. basically it's entirely up to me.",75.0,1.0
375,Phoebe,2.0,The Sonogram At The End,She is so great! I miss her.,76.0,1.0
376,Monica,2.0,The Sonogram At The End,What does she mean by 'involved'?,77.0,1.0
377,Chandler,2.0,The Sonogram At The End,"I mean presumably, the biggest part of your job is done.",78.0,1.0
378,Ross,2.0,The Sonogram At The End,"Anyway, they want me to go down to this- sonogram thing with them tomorrow.",79.0,1.0
379,Rachel,2.0,The Sonogram At The End,So what are you gonna do?,80.0,1.0
380,Ross,2.0,The Sonogram At The End,"I have no idea. No matter what I do, though, I'm still gonna be a father.",81.0,1.0
381,Joey,2.0,The Sonogram At The End,".....Well, this is still ruined, right?",82.0,1.0
382,Mrs. Geller,2.0,The Sonogram At The End,"Oh, Martha Ludwin's daughter is gonna call you. (Tastes a snack) Mmm! What's that curry taste?",83.0,1.0
383,Monica,2.0,The Sonogram At The End,Curry.,84.0,1.0
384,Mrs. Geller,2.0,The Sonogram At The End,Mmmm!,85.0,1.0
385,Ross,2.0,The Sonogram At The End,"I- I think they're great! I, I really do.",86.0,1.0
386,Mr. Geller,2.0,The Sonogram At The End,"(To Ross) Do you remember the Ludwins? The big one had a thing for you, didn't she?",87.0,1.0
387,Mrs. Geller,2.0,The Sonogram At The End,They all had a thing for him.,88.0,1.0
388,Ross,2.0,The Sonogram At The End,"Aw, Mom...",89.0,1.0
389,Monica,2.0,The Sonogram At The End,"I'm sorry, why is this girl going to call me?",90.0,1.0
390,Mrs. Geller,2.0,The Sonogram At The End,"Oh, she just graduated, and she wants to be something in cooking, or food, or.... I don't know. Anyway, I told her you had a restaurant-",91.0,1.0
391,Monica,2.0,The Sonogram At The End,"No Mom, I don't have a restaurant, I work in a restaurant.",92.0,1.0
392,Mrs. Geller,2.0,The Sonogram At The End,"Well, they don't have to know that... (She starts to fluff the same pillow Monica fluffed multiple times earlier.)",93.0,1.0
393,Monica,2.0,The Sonogram At The End,"Ross, could you come and help me with the spaghetti, please?",94.0,1.0
394,Ross,2.0,The Sonogram At The End,Yeah. (They go to the kitchen.),95.0,1.0
395,Mrs. Geller,2.0,The Sonogram At The End,"Oh, we're having spaghetti! That's.... easy.",96.0,1.0
396,Monica,2.0,The Sonogram At The End,"I know this is going to sound unbelievably selfish, but, were you planning on bringing up the whole baby/lesbian thing? Because I think it might take some of the heat off me.",97.0,1.0
397,Mrs. Geller,2.0,The Sonogram At The End,"What that Rachel did to her life.... We ran into her parents at the club, they were not playing very well.",98.0,1.0
398,Mr. Geller,2.0,The Sonogram At The End,I'm not gonna tell you what they spent on that wedding... but forty thousand dollars is a lot of money!,99.0,1.0
399,Mrs. Geller,2.0,The Sonogram At The End,"Well, at least she had the chance to leave a man at the altar...",100.0,1.0
400,Monica,2.0,The Sonogram At The End,What's that supposed to mean?,101.0,1.0
401,Mrs. Geller,2.0,The Sonogram At The End,Nothing! It's an expression.,102.0,1.0
402,Monica,2.0,The Sonogram At The End,No it's not.,103.0,1.0
403,Mr. Geller,2.0,The Sonogram At The End,"Don't listen to your mother. You're independent, and you always have been! Even when you were a kid... and you were chubby, and you had no friends, you were just fine! And you would read alone in your room, and your puzzles...",104.0,1.0
404,Mr. Geller,2.0,The Sonogram At The End,"Look, there are people like Ross who need to shoot for the stars, with his museum, and his papers getting published. Other people are satisfied with staying where they are- I'm telling you, these are the people who never get cancer.",105.0,1.0
405,Mr. Geller,2.0,The Sonogram At The End,"...And I read about these women trying to have it all, and I thank God 'Our Little Harmonica' doesn't seem to have that problem.",106.0,1.0
406,Monica,2.0,The Sonogram At The End,"(trying desperately to change the subject) So, Ross, what's going on with you? Any stories? (Digs her elbow into his hand.) No news, no little anecdotes to share with the folks?",107.0,1.0
407,Ross,2.0,The Sonogram At The End,"(pulls his hand away) Okay! Okay. (To his parents) Look, I, uh- I realise you guys have been wondering what exactly happened between Carol and me, and, so, well, here's the deal. Carol's a lesbian. She's living with a woman named Susan. She's pregnant with my child, and she and Susan are going to raise the baby.",108.0,1.0
408,Mrs. Geller,2.0,The Sonogram At The End,(To Monica) And you knew about this?!,109.0,1.0
409,Joey,2.0,The Sonogram At The End,"Your folks are really that bad, huh?",111.0,1.0
410,Ross,2.0,The Sonogram At The End,"Well, y'know, these people are pros. They know what they're doing, they take their time, they get the job done.",112.0,1.0
411,Monica,2.0,The Sonogram At The End,"Boy, I know they say you can't change your parents,... boy, if you could- (To Ross) -I'd want yours.",113.0,1.0
412,Ross,2.0,The Sonogram At The End,Must pee. (Goes to pee.),114.0,1.0
413,Phoebe,2.0,The Sonogram At The End,"Y'know, it's even worse when you're twins.",115.0,1.0
414,Rachel,2.0,The Sonogram At The End,You're twins?,116.0,1.0
415,Phoebe,2.0,The Sonogram At The End,"Yeah. We don't speak. She's like this high-powered, driven career type.",117.0,1.0
416,Chandler,2.0,The Sonogram At The End,What does she do?,118.0,1.0
417,Phoebe,2.0,The Sonogram At The End,She's a waitress.,119.0,1.0
418,Rachel,2.0,The Sonogram At The End,"All right, you guys, I kinda gotta clean up now. (They all start to leave.)",120.0,1.0
419,Monica,2.0,The Sonogram At The End,"Chandler, you're an only child, right? You don't have any of this.",121.0,1.0
420,Chandler,2.0,The Sonogram At The End,"Well, no, although I did have an imaginary friend, who... my parents actually preferred.",122.0,1.0
421,Rachel,2.0,The Sonogram At The End,"The lights, please..",123.0,1.0
422,Ross,2.0,The Sonogram At The End,...How long was I in there?,124.0,1.0
423,Rachel,2.0,The Sonogram At The End,I'm just cleaning up.,125.0,1.0
424,Ross,2.0,The Sonogram At The End,D'ya.. uh.. d'ya need any help?,126.0,1.0
425,Rachel,2.0,The Sonogram At The End,"Uh.. okay, sure! Thanks! (She hands him the broom and sits down.)",127.0,1.0
426,Ross,2.0,The Sonogram At The End,"Anyway.. um.. (Starts to sweep.) So, you- uh- you nervous about Barry tomorrow?",128.0,1.0
427,Rachel,2.0,The Sonogram At The End,Oh.. a little..,129.0,1.0
428,Ross,2.0,The Sonogram At The End,Mm-hmm..,130.0,1.0
429,Rachel,2.0,The Sonogram At The End,A lot.,131.0,1.0
430,Ross,2.0,The Sonogram At The End,Mm.,132.0,1.0
431,Rachel,2.0,The Sonogram At The End,"So, got any advice? Y'know, as someone who's recently been- dumped?",133.0,1.0
432,Ross,2.0,The Sonogram At The End,"Well, you may wanna steer clear of the word 'dumped'. Chances are he's gonna be this, this broken shell of a man, y'know, so you should try not to look too terrific, I know it'll be hard. Or, y'know, uh, hey!, I'll go down there, and I'll give Barry back his ring, and you can go with Carol and Susan to the OB/GYN...",134.0,1.0
433,Rachel,2.0,The Sonogram At The End,"Oh, you've got Carol tomorrow.. When did it get so complicated?",135.0,1.0
434,Ross,2.0,The Sonogram At The End,Got me.,136.0,1.0
435,Rachel,2.0,The Sonogram At The End,Remember when we were in high school together?,137.0,1.0
436,Ross,2.0,The Sonogram At The End,Yeah.,138.0,1.0
437,Rachel,2.0,The Sonogram At The End,"I mean, didn't you think you were just gonna meet somone, fall in love- and that'd be it? (Ross gazes at her.) ..Ross?",139.0,1.0
438,Ross,2.0,The Sonogram At The End,"Yes, yes!",140.0,1.0
439,Rachel,2.0,The Sonogram At The End,"Oh! Man, I never thought I'd be here.. (She leans back onto his hand.)",141.0,1.0
440,Ross,2.0,The Sonogram At The End,Me either... (He pulls up a stool so that he doesn't have to move his hand.),142.0,1.0
441,Ross,2.0,The Sonogram At The End,"(entering) Sorry I'm late, I was stuck at work. There was this big dinosaur.. thing.. anyway.",143.0,1.0
442,Susan,2.0,The Sonogram At The End,Hi.,144.0,1.0
443,Carol,2.0,The Sonogram At The End,"Ross, you remember Susan.",145.0,1.0
444,Ross,2.0,The Sonogram At The End,How could I forget?,146.0,1.0
445,Susan,2.0,The Sonogram At The End,Ross.,147.0,1.0
446,Ross,2.0,The Sonogram At The End,"(they shake hands) Hello, Susan. (To Carol) Good shake. Good shake. So, uh, we're just waiting for...?",148.0,1.0
447,Carol,2.0,The Sonogram At The End,Dr. Oberman.,149.0,1.0
448,Ross,2.0,The Sonogram At The End,..Dr. Oberman. Okay. And is he-,150.0,1.0
449,Susan,2.0,The Sonogram At The End,She.,151.0,1.0
450,Ross,2.0,The Sonogram At The End,"-she, of course, she- uh- familiar with our.. special situation?",152.0,1.0
451,Carol,2.0,The Sonogram At The End,"Yes, and she's very supportive.",153.0,1.0
452,Ross,2.0,The Sonogram At The End,"Okay, that's great. (Susan gives her drink to Carol.) No, I'm- Oh.",154.0,1.0
453,Carol,2.0,The Sonogram At The End,Thanks.,155.0,1.0
454,Ross,2.0,The Sonogram At The End,"(picks up a surgical instrament and mimes a duck with it) Quack, quack..",156.0,1.0
455,Carol,2.0,The Sonogram At The End,Ross? That opens my cervix. (He drops it in horror.),157.0,1.0
456,Rachel,2.0,The Sonogram At The End,Barry?,158.0,1.0
457,Barry,2.0,The Sonogram At The End,C'mon in.,159.0,1.0
458,Rachel,2.0,The Sonogram At The End,(hesitates) Are you sure?,160.0,1.0
459,Barry,2.0,The Sonogram At The End,"Yeah! It's fine, it's fine. Robbie's gonna be here for hours.",161.0,1.0
460,Robbie,2.0,The Sonogram At The End,Huh?!,162.0,1.0
461,Barry,2.0,The Sonogram At The End,"So, how ya doin?",163.0,1.0
462,Rachel,2.0,The Sonogram At The End,I'm- uh- I'm okay... You look great!,164.0,1.0
463,Barry,2.0,The Sonogram At The End,"Yeah, well..",165.0,1.0
464,Bernice,2.0,The Sonogram At The End,"(over intercom) Dr. Farber, Jason Greenstein's gagging.",166.0,1.0
465,Barry,2.0,The Sonogram At The End,(answering the intercom) Be right there. (To Robbie and Rachel) Be back in a sec.,167.0,1.0
466,Rachel,2.0,The Sonogram At The End,I dumped him.,168.0,1.0
467,Robbie,2.0,The Sonogram At The End,Okay.,169.0,1.0
468,Ross,2.0,The Sonogram At The End,"So, um- so how's this, uh, how's this gonna work? Y'know, with us? Y'know, when, like, important decisions have to be made?",170.0,1.0
469,Carol,2.0,The Sonogram At The End,Give me a 'for instance'.,171.0,1.0
470,Ross,2.0,The Sonogram At The End,"Well, uh, uh, I don't know, okay, okay, how about with the, uh, with the baby's name?",172.0,1.0
471,Carol,2.0,The Sonogram At The End,Marlon-,173.0,1.0
472,Ross,2.0,The Sonogram At The End,Marlon?!,174.0,1.0
473,Carol,2.0,The Sonogram At The End,"-if it's a boy, Minnie if it's a girl.",175.0,1.0
474,Ross,2.0,The Sonogram At The End,...As in Mouse?,176.0,1.0
475,Carol,2.0,The Sonogram At The End,As in my grandmother.,177.0,1.0
476,Ross,2.0,The Sonogram At The End,"Still, you- you say Minnie, you hear Mouse. Um, how about, um.. how about Julia?",178.0,1.0
477,Carol,2.0,The Sonogram At The End,Julia..,179.0,1.0
478,Susan,2.0,The Sonogram At The End,We agreed on Minnie.,180.0,1.0
479,Ross,2.0,The Sonogram At The End,"'S'funny, um, uh, we agreed we'd spend the rest of our lives together. Things change, roll with the punches. I believe Julia's on the table..?",181.0,1.0
480,Barry,2.0,The Sonogram At The End,Sorry about that. So. What have you been up to?,182.0,1.0
481,Rachel,2.0,The Sonogram At The End,"Oh, not much. I-I got a job.",183.0,1.0
482,Barry,2.0,The Sonogram At The End,"Oh, that's great.",184.0,1.0
483,Rachel,2.0,The Sonogram At The End,Why are- why are you so tanned?,185.0,1.0
484,Barry,2.0,The Sonogram At The End,"Oh, I, uh- I went to Aruba.",186.0,1.0
485,Rachel,2.0,The Sonogram At The End,Oh no. You went on our honeymoon alone?,187.0,1.0
486,Barry,2.0,The Sonogram At The End,"No. I went with, uh.. Now, this may hurt.",188.0,1.0
487,Robbie,2.0,The Sonogram At The End,Me?!,189.0,1.0
488,Barry,2.0,The Sonogram At The End,No! (To Rachel) I went with Mindy.,190.0,1.0
489,Rachel,2.0,The Sonogram At The End,"Mindy?! My maid of honour, Mindy?!",191.0,1.0
490,Barry,2.0,The Sonogram At The End,"Yeah, well, uh, we're kind of a thing now.",192.0,1.0
491,Rachel,2.0,The Sonogram At The End,"Oh! Well, um.. (Grabs his forehand) You've got plugs!",193.0,1.0
492,Barry,2.0,The Sonogram At The End,Careful! They haven't quite taken yet.,194.0,1.0
493,Rachel,2.0,The Sonogram At The End,And you've got lenses! But you hate sticking your finger in your eye!,195.0,1.0
494,Barry,2.0,The Sonogram At The End,"Not for her. Listen, I really wanted to thank you.",196.0,1.0
495,Rachel,2.0,The Sonogram At The End,Okay..,197.0,1.0
496,Barry,2.0,The Sonogram At The End,"See, about a month ago, I wanted to hurt you. More than I've ever wanted to hurt anyone in my life. And I'm an orthodontist.",198.0,1.0
497,Rachel,2.0,The Sonogram At The End,Wow.,199.0,1.0
498,Barry,2.0,The Sonogram At The End,"You know, you were right? I mean, I thought we were happy. We weren't happy. But with Mindy, now I'm happy. Spit.",200.0,1.0
499,Rachel,2.0,The Sonogram At The End,What?,201.0,1.0
500,Robbie,2.0,The Sonogram At The End,Me. (Spits.),202.0,1.0
501,Rachel,2.0,The Sonogram At The End,"Anyway, um, (Gets the ring out of her purse.) I guess this belongs to you. And thank you for giving it to me.",203.0,1.0
502,Barry,2.0,The Sonogram At The End,"Well, thank you for giving it back.",204.0,1.0
503,Robbie,2.0,The Sonogram At The End,Hello?!,205.0,1.0
504,Susan,2.0,The Sonogram At The End,"Oh, please! What's wrong with Helen?",206.0,1.0
505,Ross,2.0,The Sonogram At The End,Helen Geller? I don't think so.,207.0,1.0
506,Carol,2.0,The Sonogram At The End,Hello? It's not gonna be Helen Geller.,208.0,1.0
507,Ross,2.0,The Sonogram At The End,Thank you!,209.0,1.0
508,Carol,2.0,The Sonogram At The End,"No, I mean it's not Geller.",210.0,1.0
509,Ross,2.0,The Sonogram At The End,"What, it's gonna be Helen Willick?",211.0,1.0
510,Carol,2.0,The Sonogram At The End,"No, actually, um, we talked about Helen Willick-Bunch.",212.0,1.0
511,Ross,2.0,The Sonogram At The End,"Well, wait a minute, wha- why is she in the title?",213.0,1.0
512,Susan,2.0,The Sonogram At The End,It's my baby too.,214.0,1.0
513,Ross,2.0,The Sonogram At The End,"Oh, 's'funny, really? Um, I don't remember you making any sperm.",215.0,1.0
514,Susan,2.0,The Sonogram At The End,"Yeah, and we all know what a challenge that is!",216.0,1.0
515,Carol,2.0,The Sonogram At The End,"All right, you two, stop it!",217.0,1.0
516,Ross,2.0,The Sonogram At The End,"No no no, she gets a credit, hey, I'm in there too.",218.0,1.0
517,Carol,2.0,The Sonogram At The End,Ross. You're not actually suggesting Helen Willick-Bunch-Geller? 'Cause I think that borders on child abuse.,219.0,1.0
518,Ross,2.0,The Sonogram At The End,"Of course not, I'm... suggesting Geller-Willick-Bunch.",220.0,1.0
519,Susan,2.0,The Sonogram At The End,"Oh, no, nonononono, you see what he's doing? He knows no-one's gonna say all those names, so they'll wind up calling her Geller, then he gets his way!",221.0,1.0
520,Ross,2.0,The Sonogram At The End,"My way?! You-you think this is my way? Believe me, of all the ways I ever imagined this moment in my life being, this is not my way- y'know what? Uh, um, this is too hard. I'm not, I can't do-",222.0,1.0
521,Dr. Oberman,2.0,The Sonogram At The End,(entering) Knock knock!How are we today? Any nausea?,223.0,1.0
522,All,2.0,The Sonogram At The End,Yeah. Yeah. A little.,224.0,1.0
523,Dr. Oberman,2.0,The Sonogram At The End,"Well, I was just wondering about the mother-to-be, but.. thanks for sharing. (To Carol) Uh, lie back..",225.0,1.0
524,Ross,2.0,The Sonogram At The End,"You- uh- y'know what, I'm gonna go. I don't- I don't think I can be involved in this particular thing right now.",226.0,1.0
525,Ross,2.0,The Sonogram At The End,Oh my God.,227.0,1.0
526,Susan,2.0,The Sonogram At The End,Look at that.,228.0,1.0
527,Carol,2.0,The Sonogram At The End,I know.,229.0,1.0
528,Ross,2.0,The Sonogram At The End,Well? Isn't that amazing?,231.0,1.0
529,Joey,2.0,The Sonogram At The End,What are we supposed to be seeing here?,232.0,1.0
530,Chandler,2.0,The Sonogram At The End,"I dunno, but.. I think it's about to attack the Enterprise.",233.0,1.0
531,Phoebe,2.0,The Sonogram At The End,"You know, if you tilt your head to the left, and relax your eyes, it kinda looks like an old potato.",234.0,1.0
532,Ross,2.0,The Sonogram At The End,"Then don't do that, alright?",235.0,1.0
533,Phoebe,2.0,The Sonogram At The End,Okay!,236.0,1.0
534,Ross,2.0,The Sonogram At The End,(walks over to where Monica is standing)Monica. Whaddya think?,237.0,1.0
535,Monica,2.0,The Sonogram At The End,(welling up) Mm-hmm.,238.0,1.0
536,Ross,2.0,The Sonogram At The End,Wh- are you welling up?,239.0,1.0
537,Monica,2.0,The Sonogram At The End,No.,240.0,1.0
538,Ross,2.0,The Sonogram At The End,"You are, you're welling up.",241.0,1.0
539,Monica,2.0,The Sonogram At The End,Am not!,242.0,1.0
540,Ross,2.0,The Sonogram At The End,You're gonna be an aunt.,243.0,1.0
541,Monica,2.0,The Sonogram At The End,(pushes him and starts to cry) Oh shut up!,244.0,1.0
542,Rachel,2.0,The Sonogram At The End,"(on phone) Hi, Mindy. Hi, it-it's Rachel. Yeah, I'm fine. I-I saw Barry today. Oh, yeah, yeah he-he told me. No, no, it's okay. I hope you two are very happy, I really do. Oh, oh, and Mind, y'know, if-if everything works out, and you guys end up getting married and having kids- and everything- I just hope they have his old hairline and your old nose. (Slams the phone down.) (To everyone) Okay, I know it was a cheap shot, but I feel so much better now.",245.0,1.0
